ctime,datname,pid,usesysid,usename,application_name,client_addr,client_port,backend_start,xact_start,query_start,waiting,query,state,state_change
1415214319.24915,dbt3,45278,10,sekondquad,psql,,-1,2014-11-05 19:05:19.176277+00,2014-11-05 19:05:19.179771+00,2014-11-05 19:05:19.179771+00,f,COPY partsupp FROM '/home/sekondquad/dbt3/dss/partsupp.tbl' USING DELIMITERS '|';,active,2014-11-05 19:05:19.179774+00
1415214319.24915,dbt3,45279,10,sekondquad,psql,,-1,2014-11-05 19:05:19.176448+00,2014-11-05 19:05:19.179116+00,2014-11-05 19:05:19.179116+00,f,COPY orders FROM '/home/sekondquad/dbt3/dss/orders.tbl' USING DELIMITERS '|';,active,2014-11-05 19:05:19.179119+00
1415214319.24915,dbt3,45280,10,sekondquad,psql,,-1,2014-11-05 19:05:19.176605+00,2014-11-05 19:05:19.179926+00,2014-11-05 19:05:19.179926+00,f,COPY customer FROM '/home/sekondquad/dbt3/dss/customer.tbl' USING DELIMITERS '|';,active,2014-11-05 19:05:19.179929+00
1415214319.24915,dbt3,45281,10,sekondquad,psql,,-1,2014-11-05 19:05:19.176834+00,2014-11-05 19:05:19.180554+00,2014-11-05 19:05:19.180554+00,f,COPY region FROM '/home/sekondquad/dbt3/dss/region.tbl' USING DELIMITERS '|';,active,2014-11-05 19:05:19.180556+00
1415214319.24915,dbt3,45282,10,sekondquad,psql,,-1,2014-11-05 19:05:19.177689+00,2014-11-05 19:05:19.180602+00,2014-11-05 19:05:19.180602+00,f,COPY lineitem FROM '/home/sekondquad/dbt3/dss/lineitem.tbl' USING DELIMITERS '|';,active,2014-11-05 19:05:19.180605+00
1415214319.24915,dbt3,45283,10,sekondquad,psql,,-1,2014-11-05 19:05:19.177842+00,2014-11-05 19:05:19.180781+00,2014-11-05 19:05:19.180781+00,f,COPY supplier FROM '/home/sekondquad/dbt3/dss/supplier.tbl' USING DELIMITERS '|';,active,2014-11-05 19:05:19.180783+00
1415214319.24915,dbt3,45285,10,sekondquad,psql,,-1,2014-11-05 19:05:19.179457+00,2014-11-05 19:05:19.183484+00,2014-11-05 19:05:19.183484+00,f,COPY part FROM '/home/sekondquad/dbt3/dss/part.tbl' USING DELIMITERS '|';,active,2014-11-05 19:05:19.183487+00
1415214319.24915,dbt3,45284,10,sekondquad,psql,,-1,2014-11-05 19:05:19.179473+00,2014-11-05 19:05:19.18341+00,2014-11-05 19:05:19.18341+00,f,COPY nation FROM '/home/sekondquad/dbt3/dss/nation.tbl' USING DELIMITERS '|';,active,2014-11-05 19:05:19.183413+00
1415214319.24915,dbt3,45303,10,sekondquad,psql,,-1,2014-11-05 19:05:19.245367+00,2014-11-05 19:05:19.249149+00,2014-11-05 19:05:19.249149+00,f,"COPY (SELECT EXTRACT(EPOCH FROM TRANSACTION_TIMESTAMP()) AS ctime, datname, pid, usesysid, usename, application_name, client_addr, client_port, backend_start, xact_start, query_start, waiting, query , state, state_change FROM pg_stat_activity) TO STDOUT (FORMAT CSV, HEADER);",active,2014-11-05 19:05:19.249154+00
1415214319.24915,dbt3,45305,10,sekondquad,psql,,-1,2014-11-05 19:05:19.245939+00,2014-11-05 19:05:19.249708+00,2014-11-05 19:05:19.249708+00,f,"COPY (SELECT EXTRACT(EPOCH FROM TRANSACTION_TIMESTAMP()) AS ctime, a.schemaname, a.relname, seq_scan, seq_tup_read, idx_scan, idx_tup_fetch, n_tup_ins, n_tup_upd, n_tup_del, n_tup_hot_upd, n_live_tup, n_dead_tup, heap_blks_read, heap_blks_hit, idx_blks_read, idx_blks_hit, toast_blks_read, toast_blks_hit, tidx_blks_read, tidx_blks_hit FROM pg_statio_all_tables a, pg_stat_all_tables b WHERE a.relid = b.relid) TO STDOUT (FORMAT CSV, HEADER);",active,2014-11-05 19:05:19.249714+00
1415214319.24915,dbt3,45306,10,sekondquad,psql,,-1,2014-11-05 19:05:19.247366+00,2014-11-05 19:05:19.249626+00,2014-11-05 19:05:19.249626+00,f,"COPY (SELECT EXTRACT(EPOCH FROM TRANSACTION_TIMESTAMP()) AS ctime, datname, numbackends, xact_commit, xact_rollback, blks_read, blks_hit, tup_returned, tup_fetched, tup_inserted, tup_updated, tup_deleted FROM pg_stat_database) TO STDOUT (FORMAT CSV, HEADER);",active,2014-11-05 19:05:19.249628+00
1415214319.24915,dbt3,45307,10,sekondquad,psql,,-1,2014-11-05 19:05:19.24764+00,2014-11-05 19:05:19.250277+00,2014-11-05 19:05:19.250277+00,f,"COPY (SELECT EXTRACT(EPOCH FROM TRANSACTION_TIMESTAMP()) AS ctime, a.schemaname, a.relname, a.indexrelname, idx_scan, idx_tup_read, idx_tup_fetch, idx_blks_read, idx_blks_hit FROM pg_stat_all_indexes a, pg_statio_all_indexes b WHERE a.indexrelid = b.indexrelid) TO STDOUT (FORMAT CSV, HEADER);",active,2014-11-05 19:05:19.250279+00
1415214379.25132,dbt3,45355,10,sekondquad,psql,,-1,2014-11-05 19:06:12.068495+00,2014-11-05 19:06:12.070969+00,2014-11-05 19:06:12.070969+00,f,ANALYZE customer;,active,2014-11-05 19:06:12.070972+00
1415214379.25132,dbt3,45279,10,sekondquad,psql,,-1,2014-11-05 19:05:19.176448+00,2014-11-05 19:05:19.179116+00,2014-11-05 19:05:19.179116+00,f,COPY orders FROM '/home/sekondquad/dbt3/dss/orders.tbl' USING DELIMITERS '|';,active,2014-11-05 19:05:19.179119+00
1415214379.25132,dbt3,45357,10,sekondquad,psql,,-1,2014-11-05 19:06:16.464167+00,2014-11-05 19:06:16.466539+00,2014-11-05 19:06:16.466539+00,f,ANALYZE partsupp;,active,2014-11-05 19:06:16.466542+00
1415214379.25132,dbt3,45364,10,sekondquad,psql,,-1,2014-11-05 19:06:19.248236+00,2014-11-05 19:06:19.250725+00,2014-11-05 19:06:19.250725+00,f,"COPY (SELECT EXTRACT(EPOCH FROM TRANSACTION_TIMESTAMP()) AS ctime, relname, pid, mode, granted FROM pg_locks, pg_class WHERE relfilenode = relation ORDER BY relname) TO STDOUT (FORMAT CSV);",active,2014-11-05 19:06:19.250728+00
1415214379.25132,dbt3,45282,10,sekondquad,psql,,-1,2014-11-05 19:05:19.177689+00,2014-11-05 19:05:19.180602+00,2014-11-05 19:05:19.180602+00,f,COPY lineitem FROM '/home/sekondquad/dbt3/dss/lineitem.tbl' USING DELIMITERS '|';,active,2014-11-05 19:05:19.180605+00
1415214379.25132,dbt3,45365,10,sekondquad,psql,,-1,2014-11-05 19:06:19.249399+00,2014-11-05 19:06:19.25132+00,2014-11-05 19:06:19.25132+00,f,"COPY (SELECT EXTRACT(EPOCH FROM TRANSACTION_TIMESTAMP()) AS ctime, datname, pid, usesysid, usename, application_name, client_addr, client_port, backend_start, xact_start, query_start, waiting, query , state, state_change FROM pg_stat_activity) TO STDOUT (FORMAT CSV);",active,2014-11-05 19:06:19.251323+00
1415214379.25132,dbt3,45367,10,sekondquad,psql,,-1,2014-11-05 19:06:19.250764+00,2014-11-05 19:06:19.252718+00,2014-11-05 19:06:19.252718+00,f,"COPY (SELECT EXTRACT(EPOCH FROM TRANSACTION_TIMESTAMP()) AS ctime, datname, numbackends, xact_commit, xact_rollback, blks_read, blks_hit, tup_returned, tup_fetched, tup_inserted, tup_updated, tup_deleted FROM pg_stat_database) TO STDOUT (FORMAT CSV);",active,2014-11-05 19:06:19.25272+00
1415214379.25132,dbt3,45368,10,sekondquad,psql,,-1,2014-11-05 19:06:19.250997+00,2014-11-05 19:06:19.25303+00,2014-11-05 19:06:19.25303+00,f,"COPY (SELECT EXTRACT(EPOCH FROM TRANSACTION_TIMESTAMP()) AS ctime, a.schemaname, a.relname, seq_scan, seq_tup_read, idx_scan, idx_tup_fetch, n_tup_ins, n_tup_upd, n_tup_del, n_tup_hot_upd, n_live_tup, n_dead_tup, heap_blks_read, heap_blks_hit, idx_blks_read, idx_blks_hit, toast_blks_read, toast_blks_hit, tidx_blks_read, tidx_blks_hit FROM pg_statio_all_tables a, pg_stat_all_tables b WHERE a.relid = b.relid) TO STDOUT (FORMAT CSV);",active,2014-11-05 19:06:19.253034+00
1415214379.25132,dbt3,45366,10,sekondquad,psql,,-1,2014-11-05 19:06:19.251208+00,2014-11-05 19:06:19.253074+00,2014-11-05 19:06:19.253074+00,f,"COPY (SELECT EXTRACT(EPOCH FROM TRANSACTION_TIMESTAMP()) AS ctime, a.schemaname, a.relname, a.indexrelname, idx_scan, idx_tup_read, idx_tup_fetch, idx_blks_read, idx_blks_hit FROM pg_stat_all_indexes a, pg_statio_all_indexes b WHERE a.indexrelid = b.indexrelid) TO STDOUT (FORMAT CSV);",active,2014-11-05 19:06:19.253089+00
1415214379.25132,dbt3,45340,10,sekondquad,psql,,-1,2014-11-05 19:05:31.607014+00,2014-11-05 19:05:31.610439+00,2014-11-05 19:05:31.610439+00,f,"
CREATE INDEX part_p_type_p_partkey_idx
ON part(p_type, p_partkey);",active,2014-11-05 19:05:31.610442+00
1415214379.25132,dbt3,45343,10,sekondquad,psql,,-1,2014-11-05 19:05:31.6117+00,2014-11-05 19:05:31.615248+00,2014-11-05 19:05:31.615248+00,f,"
CREATE INDEX part_p_container_p_brand_p_partkey_idx
ON part(p_container, p_brand, p_partkey);",active,2014-11-05 19:05:31.615251+00
1415214439.25512,dbt3,45379,10,sekondquad,psql,,-1,2014-11-05 19:06:52.642496+00,2014-11-05 19:06:52.650957+00,2014-11-05 19:06:52.650957+00,f,ANALYZE part;,active,2014-11-05 19:06:52.650961+00
1415214439.25512,dbt3,45381,10,sekondquad,psql,,-1,2014-11-05 19:07:06.141516+00,2014-11-05 19:07:06.145883+00,2014-11-05 19:07:06.145883+00,f,ANALYZE orders;,active,2014-11-05 19:07:06.145886+00
1415214439.25512,dbt3,45390,10,sekondquad,psql,,-1,2014-11-05 19:07:19.250785+00,2014-11-05 19:07:19.254341+00,2014-11-05 19:07:19.254341+00,f,"COPY (SELECT EXTRACT(EPOCH FROM TRANSACTION_TIMESTAMP()) AS ctime, a.schemaname, a.relname, seq_scan, seq_tup_read, idx_scan, idx_tup_fetch, n_tup_ins, n_tup_upd, n_tup_del, n_tup_hot_upd, n_live_tup, n_dead_tup, heap_blks_read, heap_blks_hit, idx_blks_read, idx_blks_hit, toast_blks_read, toast_blks_hit, tidx_blks_read, tidx_blks_hit FROM pg_statio_all_tables a, pg_stat_all_tables b WHERE a.relid = b.relid) TO STDOUT (FORMAT CSV);",active,2014-11-05 19:07:19.25436+00
1415214439.25512,dbt3,45392,10,sekondquad,psql,,-1,2014-11-05 19:07:19.251695+00,2014-11-05 19:07:19.255123+00,2014-11-05 19:07:19.255123+00,f,"COPY (SELECT EXTRACT(EPOCH FROM TRANSACTION_TIMESTAMP()) AS ctime, datname, pid, usesysid, usename, application_name, client_addr, client_port, backend_start, xact_start, query_start, waiting, query , state, state_change FROM pg_stat_activity) TO STDOUT (FORMAT CSV);",active,2014-11-05 19:07:19.255128+00
1415214439.25512,dbt3,45282,10,sekondquad,psql,,-1,2014-11-05 19:05:19.177689+00,2014-11-05 19:05:19.180602+00,2014-11-05 19:05:19.180602+00,f,COPY lineitem FROM '/home/sekondquad/dbt3/dss/lineitem.tbl' USING DELIMITERS '|';,active,2014-11-05 19:05:19.180605+00
1415214439.25512,dbt3,45391,10,sekondquad,psql,,-1,2014-11-05 19:07:19.251702+00,2014-11-05 19:07:19.256634+00,2014-11-05 19:07:19.256634+00,f,"COPY (SELECT EXTRACT(EPOCH FROM TRANSACTION_TIMESTAMP()) AS ctime, a.schemaname, a.relname, a.indexrelname, idx_scan, idx_tup_read, idx_tup_fetch, idx_blks_read, idx_blks_hit FROM pg_stat_all_indexes a, pg_statio_all_indexes b WHERE a.indexrelid = b.indexrelid) TO STDOUT (FORMAT CSV);",active,2014-11-05 19:07:19.256637+00
1415214439.25512,dbt3,45393,10,sekondquad,psql,,-1,2014-11-05 19:07:19.251847+00,2014-11-05 19:07:19.256716+00,2014-11-05 19:07:19.256716+00,f,"COPY (SELECT EXTRACT(EPOCH FROM TRANSACTION_TIMESTAMP()) AS ctime, relname, pid, mode, granted FROM pg_locks, pg_class WHERE relfilenode = relation ORDER BY relname) TO STDOUT (FORMAT CSV);",active,2014-11-05 19:07:19.256718+00
1415214439.25512,dbt3,45394,10,sekondquad,psql,,-1,2014-11-05 19:07:19.252476+00,2014-11-05 19:07:19.255729+00,2014-11-05 19:07:19.255729+00,f,"COPY (SELECT EXTRACT(EPOCH FROM TRANSACTION_TIMESTAMP()) AS ctime, datname, numbackends, xact_commit, xact_rollback, blks_read, blks_hit, tup_returned, tup_fetched, tup_inserted, tup_updated, tup_deleted FROM pg_stat_database) TO STDOUT (FORMAT CSV);",active,2014-11-05 19:07:19.255732+00
1415214499.25825,dbt3,45405,10,sekondquad,psql,,-1,2014-11-05 19:08:19.254443+00,2014-11-05 19:08:19.258232+00,2014-11-05 19:08:19.258232+00,f,"COPY (SELECT EXTRACT(EPOCH FROM TRANSACTION_TIMESTAMP()) AS ctime, relname, pid, mode, granted FROM pg_locks, pg_class WHERE relfilenode = relation ORDER BY relname) TO STDOUT (FORMAT CSV);",active,2014-11-05 19:08:19.258241+00
1415214499.25825,dbt3,45406,10,sekondquad,psql,,-1,2014-11-05 19:08:19.255407+00,2014-11-05 19:08:19.258176+00,2014-11-05 19:08:19.258176+00,f,"COPY (SELECT EXTRACT(EPOCH FROM TRANSACTION_TIMESTAMP()) AS ctime, a.schemaname, a.relname, a.indexrelname, idx_scan, idx_tup_read, idx_tup_fetch, idx_blks_read, idx_blks_hit FROM pg_stat_all_indexes a, pg_statio_all_indexes b WHERE a.indexrelid = b.indexrelid) TO STDOUT (FORMAT CSV);",active,2014-11-05 19:08:19.258181+00
1415214499.25825,dbt3,45407,10,sekondquad,psql,,-1,2014-11-05 19:08:19.255586+00,2014-11-05 19:08:19.258251+00,2014-11-05 19:08:19.258251+00,f,"COPY (SELECT EXTRACT(EPOCH FROM TRANSACTION_TIMESTAMP()) AS ctime, datname, pid, usesysid, usename, application_name, client_addr, client_port, backend_start, xact_start, query_start, waiting, query , state, state_change FROM pg_stat_activity) TO STDOUT (FORMAT CSV);",active,2014-11-05 19:08:19.258254+00
1415214499.25825,dbt3,45408,10,sekondquad,psql,,-1,2014-11-05 19:08:19.257426+00,2014-11-05 19:08:19.261734+00,2014-11-05 19:08:19.261734+00,f,"COPY (SELECT EXTRACT(EPOCH FROM TRANSACTION_TIMESTAMP()) AS ctime, datname, numbackends, xact_commit, xact_rollback, blks_read, blks_hit, tup_returned, tup_fetched, tup_inserted, tup_updated, tup_deleted FROM pg_stat_database) TO STDOUT (FORMAT CSV);",active,2014-11-05 19:08:19.261739+00
1415214499.25825,dbt3,45282,10,sekondquad,psql,,-1,2014-11-05 19:05:19.177689+00,2014-11-05 19:05:19.180602+00,2014-11-05 19:05:19.180602+00,f,COPY lineitem FROM '/home/sekondquad/dbt3/dss/lineitem.tbl' USING DELIMITERS '|';,active,2014-11-05 19:05:19.180605+00
1415214559.26294,dbt3,45427,10,sekondquad,psql,,-1,2014-11-05 19:09:19.258012+00,2014-11-05 19:09:19.264839+00,2014-11-05 19:09:19.264839+00,f,"COPY (SELECT EXTRACT(EPOCH FROM TRANSACTION_TIMESTAMP()) AS ctime, datname, numbackends, xact_commit, xact_rollback, blks_read, blks_hit, tup_returned, tup_fetched, tup_inserted, tup_updated, tup_deleted FROM pg_stat_database) TO STDOUT (FORMAT CSV);",active,2014-11-05 19:09:19.264846+00
1415214559.26294,dbt3,45428,10,sekondquad,psql,,-1,2014-11-05 19:09:19.258983+00,2014-11-05 19:09:19.262942+00,2014-11-05 19:09:19.262942+00,f,"COPY (SELECT EXTRACT(EPOCH FROM TRANSACTION_TIMESTAMP()) AS ctime, datname, pid, usesysid, usename, application_name, client_addr, client_port, backend_start, xact_start, query_start, waiting, query , state, state_change FROM pg_stat_activity) TO STDOUT (FORMAT CSV);",active,2014-11-05 19:09:19.262948+00
1415214559.26294,dbt3,45429,10,sekondquad,psql,,-1,2014-11-05 19:09:19.259571+00,2014-11-05 19:09:19.263055+00,2014-11-05 19:09:19.263055+00,f,"COPY (SELECT EXTRACT(EPOCH FROM TRANSACTION_TIMESTAMP()) AS ctime, relname, pid, mode, granted FROM pg_locks, pg_class WHERE relfilenode = relation ORDER BY relname) TO STDOUT (FORMAT CSV);",active,2014-11-05 19:09:19.263059+00
1415214559.26294,dbt3,45430,10,sekondquad,psql,,-1,2014-11-05 19:09:19.260817+00,2014-11-05 19:09:19.264663+00,2014-11-05 19:09:19.264663+00,f,"COPY (SELECT EXTRACT(EPOCH FROM TRANSACTION_TIMESTAMP()) AS ctime, a.schemaname, a.relname, seq_scan, seq_tup_read, idx_scan, idx_tup_fetch, n_tup_ins, n_tup_upd, n_tup_del, n_tup_hot_upd, n_live_tup, n_dead_tup, heap_blks_read, heap_blks_hit, idx_blks_read, idx_blks_hit, toast_blks_read, toast_blks_hit, tidx_blks_read, tidx_blks_hit FROM pg_statio_all_tables a, pg_stat_all_tables b WHERE a.relid = b.relid) TO STDOUT (FORMAT CSV);",active,2014-11-05 19:09:19.264673+00
1415214559.26294,dbt3,45282,10,sekondquad,psql,,-1,2014-11-05 19:05:19.177689+00,2014-11-05 19:05:19.180602+00,2014-11-05 19:05:19.180602+00,f,COPY lineitem FROM '/home/sekondquad/dbt3/dss/lineitem.tbl' USING DELIMITERS '|';,active,2014-11-05 19:05:19.180605+00
1415214619.27265,dbt3,45445,10,sekondquad,psql,,-1,2014-11-05 19:10:19.267045+00,2014-11-05 19:10:19.27225+00,2014-11-05 19:10:19.27225+00,f,"COPY (SELECT EXTRACT(EPOCH FROM TRANSACTION_TIMESTAMP()) AS ctime, relname, pid, mode, granted FROM pg_locks, pg_class WHERE relfilenode = relation ORDER BY relname) TO STDOUT (FORMAT CSV);",active,2014-11-05 19:10:19.272257+00
1415214619.27265,dbt3,45446,10,sekondquad,psql,,-1,2014-11-05 19:10:19.267288+00,2014-11-05 19:10:19.272439+00,2014-11-05 19:10:19.272439+00,f,"COPY (SELECT EXTRACT(EPOCH FROM TRANSACTION_TIMESTAMP()) AS ctime, a.schemaname, a.relname, a.indexrelname, idx_scan, idx_tup_read, idx_tup_fetch, idx_blks_read, idx_blks_hit FROM pg_stat_all_indexes a, pg_statio_all_indexes b WHERE a.indexrelid = b.indexrelid) TO STDOUT (FORMAT CSV);",active,2014-11-05 19:10:19.272444+00
1415214619.27265,dbt3,45447,10,sekondquad,psql,,-1,2014-11-05 19:10:19.267453+00,2014-11-05 19:10:19.27235+00,2014-11-05 19:10:19.27235+00,f,"COPY (SELECT EXTRACT(EPOCH FROM TRANSACTION_TIMESTAMP()) AS ctime, a.schemaname, a.relname, seq_scan, seq_tup_read, idx_scan, idx_tup_fetch, n_tup_ins, n_tup_upd, n_tup_del, n_tup_hot_upd, n_live_tup, n_dead_tup, heap_blks_read, heap_blks_hit, idx_blks_read, idx_blks_hit, toast_blks_read, toast_blks_hit, tidx_blks_read, tidx_blks_hit FROM pg_statio_all_tables a, pg_stat_all_tables b WHERE a.relid = b.relid) TO STDOUT (FORMAT CSV);",active,2014-11-05 19:10:19.272356+00
1415214619.27265,dbt3,45448,10,sekondquad,psql,,-1,2014-11-05 19:10:19.267615+00,2014-11-05 19:10:19.272653+00,2014-11-05 19:10:19.272653+00,f,"COPY (SELECT EXTRACT(EPOCH FROM TRANSACTION_TIMESTAMP()) AS ctime, datname, pid, usesysid, usename, application_name, client_addr, client_port, backend_start, xact_start, query_start, waiting, query , state, state_change FROM pg_stat_activity) TO STDOUT (FORMAT CSV);",active,2014-11-05 19:10:19.272657+00
1415214619.27265,dbt3,45282,10,sekondquad,psql,,-1,2014-11-05 19:05:19.177689+00,2014-11-05 19:05:19.180602+00,2014-11-05 19:05:19.180602+00,f,COPY lineitem FROM '/home/sekondquad/dbt3/dss/lineitem.tbl' USING DELIMITERS '|';,active,2014-11-05 19:05:19.180605+00
1415214619.27265,dbt3,45449,10,sekondquad,psql,,-1,2014-11-05 19:10:19.267848+00,2014-11-05 19:10:19.272644+00,2014-11-05 19:10:19.272644+00,f,"COPY (SELECT EXTRACT(EPOCH FROM TRANSACTION_TIMESTAMP()) AS ctime, datname, numbackends, xact_commit, xact_rollback, blks_read, blks_hit, tup_returned, tup_fetched, tup_inserted, tup_updated, tup_deleted FROM pg_stat_database) TO STDOUT (FORMAT CSV);",active,2014-11-05 19:10:19.272648+00
1415214679.28002,dbt3,45458,10,sekondquad,psql,,-1,2014-11-05 19:10:23.965844+00,2014-11-05 19:10:23.969483+00,2014-11-05 19:10:23.969483+00,f,"
CREATE INDEX lineitem_l_orderkey_idx_part1
ON lineitem (l_orderkey)
WHERE l_commitdate < l_receiptdate;",active,2014-11-05 19:10:23.969491+00
1415214679.28002,dbt3,45459,10,sekondquad,psql,,-1,2014-11-05 19:10:23.966927+00,2014-11-05 19:10:23.971236+00,2014-11-05 19:10:23.971236+00,t,"
CREATE INDEX lineitem_l_orderkey_idx
ON lineitem (l_orderkey);",active,2014-11-05 19:10:23.971237+00
1415214679.28002,dbt3,45461,10,sekondquad,psql,,-1,2014-11-05 19:10:23.967045+00,2014-11-05 19:10:23.971068+00,2014-11-05 19:10:23.971068+00,t,"
CREATE INDEX lineitem_l_partkey_l_quantity_l_shipmode_idx
ON lineitem (l_partkey, l_quantity, l_shipmode);",active,2014-11-05 19:10:23.971071+00
1415214679.28002,dbt3,45460,10,sekondquad,psql,,-1,2014-11-05 19:10:23.967428+00,2014-11-05 19:10:23.97165+00,2014-11-05 19:10:23.97165+00,t,"
CREATE INDEX lineitem_l_orderkey_idx_part2
ON lineitem (l_orderkey)
WHERE l_commitdate < l_receiptdate
  AND l_shipdate < l_commitdate;",active,2014-11-05 19:10:23.971652+00
1415214679.28002,dbt3,45462,10,sekondquad,psql,,-1,2014-11-05 19:10:23.967692+00,2014-11-05 19:10:23.970925+00,2014-11-05 19:10:23.970925+00,t,"
ALTER TABLE lineitem
ADD CONSTRAINT pk_lineitem PRIMARY KEY (l_orderkey, l_linenumber) ;",active,2014-11-05 19:10:23.970929+00
1415214679.28002,dbt3,45464,10,sekondquad,psql,,-1,2014-11-05 19:10:23.968064+00,2014-11-05 19:10:23.971581+00,2014-11-05 19:10:23.971581+00,t,"
CREATE INDEX lineitem_l_orderkey_l_linenumber_l_shipdate_idx
ON lineitem (l_orderkey, l_linenumber, l_shipdate);",active,2014-11-05 19:10:23.971582+00
1415214679.28002,dbt3,45463,10,sekondquad,psql,,-1,2014-11-05 19:10:23.967704+00,2014-11-05 19:10:23.972015+00,2014-11-05 19:10:23.972015+00,t,"
CREATE INDEX lineitem_l_orderkey_idx_l_returnflag
ON lineitem (l_orderkey)
WHERE l_returnflag = 'R';",active,2014-11-05 19:10:23.97202+00
1415214679.28002,dbt3,45465,10,sekondquad,psql,,-1,2014-11-05 19:10:23.969954+00,2014-11-05 19:10:23.97338+00,2014-11-05 19:10:23.97338+00,t,"
CREATE INDEX lineitem_l_shipdate_l_suppkey__idx
ON lineitem (l_shipdate, l_suppkey);",active,2014-11-05 19:10:23.973386+00
1415214679.28002,dbt3,45476,10,sekondquad,psql,,-1,2014-11-05 19:11:19.271049+00,2014-11-05 19:11:19.276932+00,2014-11-05 19:11:19.276932+00,f,"COPY (SELECT EXTRACT(EPOCH FROM TRANSACTION_TIMESTAMP()) AS ctime, datname, numbackends, xact_commit, xact_rollback, blks_read, blks_hit, tup_returned, tup_fetched, tup_inserted, tup_updated, tup_deleted FROM pg_stat_database) TO STDOUT (FORMAT CSV);",active,2014-11-05 19:11:19.27694+00
1415214679.28002,dbt3,45478,10,sekondquad,psql,,-1,2014-11-05 19:11:19.272495+00,,2014-11-05 19:11:19.277941+00,f,"COPY (SELECT EXTRACT(EPOCH FROM TRANSACTION_TIMESTAMP()) AS ctime, relname, pid, mode, granted FROM pg_locks, pg_class WHERE relfilenode = relation ORDER BY relname) TO STDOUT (FORMAT CSV);",idle,2014-11-05 19:11:19.283269+00
1415214679.28002,dbt3,45477,10,sekondquad,psql,,-1,2014-11-05 19:11:19.27135+00,2014-11-05 19:11:19.27895+00,2014-11-05 19:11:19.27895+00,f,"COPY (SELECT EXTRACT(EPOCH FROM TRANSACTION_TIMESTAMP()) AS ctime, a.schemaname, a.relname, a.indexrelname, idx_scan, idx_tup_read, idx_tup_fetch, idx_blks_read, idx_blks_hit FROM pg_stat_all_indexes a, pg_statio_all_indexes b WHERE a.indexrelid = b.indexrelid) TO STDOUT (FORMAT CSV);",active,2014-11-05 19:11:19.278954+00
1415214679.28002,dbt3,45479,10,sekondquad,psql,,-1,2014-11-05 19:11:19.275297+00,2014-11-05 19:11:19.280202+00,2014-11-05 19:11:19.280202+00,f,"COPY (SELECT EXTRACT(EPOCH FROM TRANSACTION_TIMESTAMP()) AS ctime, a.schemaname, a.relname, seq_scan, seq_tup_read, idx_scan, idx_tup_fetch, n_tup_ins, n_tup_upd, n_tup_del, n_tup_hot_upd, n_live_tup, n_dead_tup, heap_blks_read, heap_blks_hit, idx_blks_read, idx_blks_hit, toast_blks_read, toast_blks_hit, tidx_blks_read, tidx_blks_hit FROM pg_statio_all_tables a, pg_stat_all_tables b WHERE a.relid = b.relid) TO STDOUT (FORMAT CSV);",active,2014-11-05 19:11:19.280216+00
1415214679.28002,dbt3,45480,10,sekondquad,psql,,-1,2014-11-05 19:11:19.276299+00,2014-11-05 19:11:19.280024+00,2014-11-05 19:11:19.280024+00,f,"COPY (SELECT EXTRACT(EPOCH FROM TRANSACTION_TIMESTAMP()) AS ctime, datname, pid, usesysid, usename, application_name, client_addr, client_port, backend_start, xact_start, query_start, waiting, query , state, state_change FROM pg_stat_activity) TO STDOUT (FORMAT CSV);",active,2014-11-05 19:11:19.280028+00
1415214739.28377,dbt3,45459,10,sekondquad,psql,,-1,2014-11-05 19:10:23.966927+00,2014-11-05 19:10:23.971236+00,2014-11-05 19:10:23.971236+00,t,"
CREATE INDEX lineitem_l_orderkey_idx
ON lineitem (l_orderkey);",active,2014-11-05 19:10:23.971237+00
1415214739.28377,dbt3,45461,10,sekondquad,psql,,-1,2014-11-05 19:10:23.967045+00,2014-11-05 19:10:23.971068+00,2014-11-05 19:10:23.971068+00,t,"
CREATE INDEX lineitem_l_partkey_l_quantity_l_shipmode_idx
ON lineitem (l_partkey, l_quantity, l_shipmode);",active,2014-11-05 19:10:23.971071+00
1415214739.28377,dbt3,45460,10,sekondquad,psql,,-1,2014-11-05 19:10:23.967428+00,2014-11-05 19:10:23.97165+00,2014-11-05 19:10:23.97165+00,t,"
CREATE INDEX lineitem_l_orderkey_idx_part2
ON lineitem (l_orderkey)
WHERE l_commitdate < l_receiptdate
  AND l_shipdate < l_commitdate;",active,2014-11-05 19:10:23.971652+00
1415214739.28377,dbt3,45462,10,sekondquad,psql,,-1,2014-11-05 19:10:23.967692+00,2014-11-05 19:10:23.970925+00,2014-11-05 19:10:23.970925+00,f,"
ALTER TABLE lineitem
ADD CONSTRAINT pk_lineitem PRIMARY KEY (l_orderkey, l_linenumber) ;",active,2014-11-05 19:10:23.970929+00
1415214739.28377,dbt3,45464,10,sekondquad,psql,,-1,2014-11-05 19:10:23.968064+00,2014-11-05 19:10:23.971581+00,2014-11-05 19:10:23.971581+00,t,"
CREATE INDEX lineitem_l_orderkey_l_linenumber_l_shipdate_idx
ON lineitem (l_orderkey, l_linenumber, l_shipdate);",active,2014-11-05 19:10:23.971582+00
1415214739.28377,dbt3,45463,10,sekondquad,psql,,-1,2014-11-05 19:10:23.967704+00,2014-11-05 19:10:23.972015+00,2014-11-05 19:10:23.972015+00,t,"
CREATE INDEX lineitem_l_orderkey_idx_l_returnflag
ON lineitem (l_orderkey)
WHERE l_returnflag = 'R';",active,2014-11-05 19:10:23.97202+00
1415214739.28377,dbt3,45465,10,sekondquad,psql,,-1,2014-11-05 19:10:23.969954+00,2014-11-05 19:10:23.97338+00,2014-11-05 19:10:23.97338+00,t,"
CREATE INDEX lineitem_l_shipdate_l_suppkey__idx
ON lineitem (l_shipdate, l_suppkey);",active,2014-11-05 19:10:23.973386+00
1415214739.28377,dbt3,45492,10,sekondquad,psql,,-1,2014-11-05 19:12:19.275979+00,2014-11-05 19:12:19.280119+00,2014-11-05 19:12:19.280119+00,f,"COPY (SELECT EXTRACT(EPOCH FROM TRANSACTION_TIMESTAMP()) AS ctime, a.schemaname, a.relname, a.indexrelname, idx_scan, idx_tup_read, idx_tup_fetch, idx_blks_read, idx_blks_hit FROM pg_stat_all_indexes a, pg_statio_all_indexes b WHERE a.indexrelid = b.indexrelid) TO STDOUT (FORMAT CSV);",active,2014-11-05 19:12:19.280124+00
1415214739.28377,dbt3,45493,10,sekondquad,psql,,-1,2014-11-05 19:12:19.278088+00,2014-11-05 19:12:19.283276+00,2014-11-05 19:12:19.283276+00,f,"COPY (SELECT EXTRACT(EPOCH FROM TRANSACTION_TIMESTAMP()) AS ctime, a.schemaname, a.relname, seq_scan, seq_tup_read, idx_scan, idx_tup_fetch, n_tup_ins, n_tup_upd, n_tup_del, n_tup_hot_upd, n_live_tup, n_dead_tup, heap_blks_read, heap_blks_hit, idx_blks_read, idx_blks_hit, toast_blks_read, toast_blks_hit, tidx_blks_read, tidx_blks_hit FROM pg_statio_all_tables a, pg_stat_all_tables b WHERE a.relid = b.relid) TO STDOUT (FORMAT CSV);",active,2014-11-05 19:12:19.283282+00
1415214739.28377,dbt3,45494,10,sekondquad,psql,,-1,2014-11-05 19:12:19.278935+00,2014-11-05 19:12:19.28321+00,2014-11-05 19:12:19.28321+00,f,"COPY (SELECT EXTRACT(EPOCH FROM TRANSACTION_TIMESTAMP()) AS ctime, datname, numbackends, xact_commit, xact_rollback, blks_read, blks_hit, tup_returned, tup_fetched, tup_inserted, tup_updated, tup_deleted FROM pg_stat_database) TO STDOUT (FORMAT CSV);",active,2014-11-05 19:12:19.283216+00
1415214739.28377,dbt3,45495,10,sekondquad,psql,,-1,2014-11-05 19:12:19.278892+00,2014-11-05 19:12:19.28377+00,2014-11-05 19:12:19.28377+00,f,"COPY (SELECT EXTRACT(EPOCH FROM TRANSACTION_TIMESTAMP()) AS ctime, datname, pid, usesysid, usename, application_name, client_addr, client_port, backend_start, xact_start, query_start, waiting, query , state, state_change FROM pg_stat_activity) TO STDOUT (FORMAT CSV);",active,2014-11-05 19:12:19.283778+00
1415214799.28846,dbt3,45507,10,sekondquad,psql,,-1,2014-11-05 19:13:19.283217+00,2014-11-05 19:13:19.287888+00,2014-11-05 19:13:19.287888+00,f,"COPY (SELECT EXTRACT(EPOCH FROM TRANSACTION_TIMESTAMP()) AS ctime, datname, numbackends, xact_commit, xact_rollback, blks_read, blks_hit, tup_returned, tup_fetched, tup_inserted, tup_updated, tup_deleted FROM pg_stat_database) TO STDOUT (FORMAT CSV);",active,2014-11-05 19:13:19.287895+00
1415214799.28846,dbt3,45459,10,sekondquad,psql,,-1,2014-11-05 19:10:23.966927+00,2014-11-05 19:10:23.971236+00,2014-11-05 19:10:23.971236+00,t,"
CREATE INDEX lineitem_l_orderkey_idx
ON lineitem (l_orderkey);",active,2014-11-05 19:10:23.971237+00
1415214799.28846,dbt3,45461,10,sekondquad,psql,,-1,2014-11-05 19:10:23.967045+00,2014-11-05 19:10:23.971068+00,2014-11-05 19:10:23.971068+00,t,"
CREATE INDEX lineitem_l_partkey_l_quantity_l_shipmode_idx
ON lineitem (l_partkey, l_quantity, l_shipmode);",active,2014-11-05 19:10:23.971071+00
1415214799.28846,dbt3,45460,10,sekondquad,psql,,-1,2014-11-05 19:10:23.967428+00,2014-11-05 19:10:23.97165+00,2014-11-05 19:10:23.97165+00,t,"
CREATE INDEX lineitem_l_orderkey_idx_part2
ON lineitem (l_orderkey)
WHERE l_commitdate < l_receiptdate
  AND l_shipdate < l_commitdate;",active,2014-11-05 19:10:23.971652+00
1415214799.28846,dbt3,45462,10,sekondquad,psql,,-1,2014-11-05 19:10:23.967692+00,2014-11-05 19:10:23.970925+00,2014-11-05 19:10:23.970925+00,f,"
ALTER TABLE lineitem
ADD CONSTRAINT pk_lineitem PRIMARY KEY (l_orderkey, l_linenumber) ;",active,2014-11-05 19:10:23.970929+00
1415214799.28846,dbt3,45464,10,sekondquad,psql,,-1,2014-11-05 19:10:23.968064+00,2014-11-05 19:10:23.971581+00,2014-11-05 19:10:23.971581+00,t,"
CREATE INDEX lineitem_l_orderkey_l_linenumber_l_shipdate_idx
ON lineitem (l_orderkey, l_linenumber, l_shipdate);",active,2014-11-05 19:10:23.971582+00
1415214799.28846,dbt3,45463,10,sekondquad,psql,,-1,2014-11-05 19:10:23.967704+00,2014-11-05 19:10:23.972015+00,2014-11-05 19:10:23.972015+00,t,"
CREATE INDEX lineitem_l_orderkey_idx_l_returnflag
ON lineitem (l_orderkey)
WHERE l_returnflag = 'R';",active,2014-11-05 19:10:23.97202+00
1415214799.28846,dbt3,45465,10,sekondquad,psql,,-1,2014-11-05 19:10:23.969954+00,2014-11-05 19:10:23.97338+00,2014-11-05 19:10:23.97338+00,t,"
CREATE INDEX lineitem_l_shipdate_l_suppkey__idx
ON lineitem (l_shipdate, l_suppkey);",active,2014-11-05 19:10:23.973386+00
1415214799.28846,dbt3,45508,10,sekondquad,psql,,-1,2014-11-05 19:13:19.283422+00,2014-11-05 19:13:19.288457+00,2014-11-05 19:13:19.288457+00,f,"COPY (SELECT EXTRACT(EPOCH FROM TRANSACTION_TIMESTAMP()) AS ctime, datname, pid, usesysid, usename, application_name, client_addr, client_port, backend_start, xact_start, query_start, waiting, query , state, state_change FROM pg_stat_activity) TO STDOUT (FORMAT CSV);",active,2014-11-05 19:13:19.288462+00
1415214799.28846,dbt3,45511,10,sekondquad,psql,,-1,2014-11-05 19:13:19.284035+00,2014-11-05 19:13:19.288133+00,2014-11-05 19:13:19.288133+00,f,"COPY (SELECT EXTRACT(EPOCH FROM TRANSACTION_TIMESTAMP()) AS ctime, a.schemaname, a.relname, seq_scan, seq_tup_read, idx_scan, idx_tup_fetch, n_tup_ins, n_tup_upd, n_tup_del, n_tup_hot_upd, n_live_tup, n_dead_tup, heap_blks_read, heap_blks_hit, idx_blks_read, idx_blks_hit, toast_blks_read, toast_blks_hit, tidx_blks_read, tidx_blks_hit FROM pg_statio_all_tables a, pg_stat_all_tables b WHERE a.relid = b.relid) TO STDOUT (FORMAT CSV);",active,2014-11-05 19:13:19.288143+00
1415214799.28846,dbt3,45509,10,sekondquad,psql,,-1,2014-11-05 19:13:19.284484+00,2014-11-05 19:13:19.288034+00,2014-11-05 19:13:19.288034+00,f,"COPY (SELECT EXTRACT(EPOCH FROM TRANSACTION_TIMESTAMP()) AS ctime, relname, pid, mode, granted FROM pg_locks, pg_class WHERE relfilenode = relation ORDER BY relname) TO STDOUT (FORMAT CSV);",active,2014-11-05 19:13:19.288038+00
1415214799.28846,dbt3,45510,10,sekondquad,psql,,-1,2014-11-05 19:13:19.284563+00,2014-11-05 19:13:19.288899+00,2014-11-05 19:13:19.288899+00,f,"COPY (SELECT EXTRACT(EPOCH FROM TRANSACTION_TIMESTAMP()) AS ctime, a.schemaname, a.relname, a.indexrelname, idx_scan, idx_tup_read, idx_tup_fetch, idx_blks_read, idx_blks_hit FROM pg_stat_all_indexes a, pg_statio_all_indexes b WHERE a.indexrelid = b.indexrelid) TO STDOUT (FORMAT CSV);",active,2014-11-05 19:13:19.288906+00
1415214859.2947,dbt3,45523,10,sekondquad,psql,,-1,2014-11-05 19:14:19.291825+00,2014-11-05 19:14:19.294809+00,2014-11-05 19:14:19.294809+00,f,"COPY (SELECT EXTRACT(EPOCH FROM TRANSACTION_TIMESTAMP()) AS ctime, relname, pid, mode, granted FROM pg_locks, pg_class WHERE relfilenode = relation ORDER BY relname) TO STDOUT (FORMAT CSV);",active,2014-11-05 19:14:19.294812+00
1415214859.2947,dbt3,45459,10,sekondquad,psql,,-1,2014-11-05 19:10:23.966927+00,2014-11-05 19:10:23.971236+00,2014-11-05 19:10:23.971236+00,f,"
CREATE INDEX lineitem_l_orderkey_idx
ON lineitem (l_orderkey);",active,2014-11-05 19:10:23.971237+00
1415214859.2947,dbt3,45461,10,sekondquad,psql,,-1,2014-11-05 19:10:23.967045+00,2014-11-05 19:10:23.971068+00,2014-11-05 19:10:23.971068+00,f,"
CREATE INDEX lineitem_l_partkey_l_quantity_l_shipmode_idx
ON lineitem (l_partkey, l_quantity, l_shipmode);",active,2014-11-05 19:10:23.971071+00
1415214859.2947,dbt3,45525,10,sekondquad,psql,,-1,2014-11-05 19:14:19.292057+00,2014-11-05 19:14:19.294741+00,2014-11-05 19:14:19.294741+00,f,"COPY (SELECT EXTRACT(EPOCH FROM TRANSACTION_TIMESTAMP()) AS ctime, a.schemaname, a.relname, seq_scan, seq_tup_read, idx_scan, idx_tup_fetch, n_tup_ins, n_tup_upd, n_tup_del, n_tup_hot_upd, n_live_tup, n_dead_tup, heap_blks_read, heap_blks_hit, idx_blks_read, idx_blks_hit, toast_blks_read, toast_blks_hit, tidx_blks_read, tidx_blks_hit FROM pg_statio_all_tables a, pg_stat_all_tables b WHERE a.relid = b.relid) TO STDOUT (FORMAT CSV);",active,2014-11-05 19:14:19.294745+00
1415214859.2947,dbt3,45526,10,sekondquad,psql,,-1,2014-11-05 19:14:19.292179+00,2014-11-05 19:14:19.294704+00,2014-11-05 19:14:19.294704+00,f,"COPY (SELECT EXTRACT(EPOCH FROM TRANSACTION_TIMESTAMP()) AS ctime, datname, pid, usesysid, usename, application_name, client_addr, client_port, backend_start, xact_start, query_start, waiting, query , state, state_change FROM pg_stat_activity) TO STDOUT (FORMAT CSV);",active,2014-11-05 19:14:19.294707+00
1415214859.2947,dbt3,45464,10,sekondquad,psql,,-1,2014-11-05 19:10:23.968064+00,2014-11-05 19:10:23.971581+00,2014-11-05 19:10:23.971581+00,f,"
CREATE INDEX lineitem_l_orderkey_l_linenumber_l_shipdate_idx
ON lineitem (l_orderkey, l_linenumber, l_shipdate);",active,2014-11-05 19:10:23.971582+00
1415214859.2947,dbt3,45524,10,sekondquad,psql,,-1,2014-11-05 19:14:19.292467+00,2014-11-05 19:14:19.294842+00,2014-11-05 19:14:19.294842+00,f,"COPY (SELECT EXTRACT(EPOCH FROM TRANSACTION_TIMESTAMP()) AS ctime, datname, numbackends, xact_commit, xact_rollback, blks_read, blks_hit, tup_returned, tup_fetched, tup_inserted, tup_updated, tup_deleted FROM pg_stat_database) TO STDOUT (FORMAT CSV);",active,2014-11-05 19:14:19.294844+00
1415214859.2947,dbt3,45465,10,sekondquad,psql,,-1,2014-11-05 19:10:23.969954+00,2014-11-05 19:10:23.97338+00,2014-11-05 19:10:23.97338+00,f,"
CREATE INDEX lineitem_l_shipdate_l_suppkey__idx
ON lineitem (l_shipdate, l_suppkey);",active,2014-11-05 19:10:23.973386+00
1415214859.2947,dbt3,45522,10,sekondquad,psql,,-1,2014-11-05 19:14:19.291727+00,2014-11-05 19:14:19.295141+00,2014-11-05 19:14:19.295141+00,f,"COPY (SELECT EXTRACT(EPOCH FROM TRANSACTION_TIMESTAMP()) AS ctime, a.schemaname, a.relname, a.indexrelname, idx_scan, idx_tup_read, idx_tup_fetch, idx_blks_read, idx_blks_hit FROM pg_stat_all_indexes a, pg_statio_all_indexes b WHERE a.indexrelid = b.indexrelid) TO STDOUT (FORMAT CSV);",active,2014-11-05 19:14:19.295145+00
1415214919.29913,dbt3,45543,10,sekondquad,psql,,-1,2014-11-05 19:15:19.294998+00,2014-11-05 19:15:19.299135+00,2014-11-05 19:15:19.299135+00,f,"COPY (SELECT EXTRACT(EPOCH FROM TRANSACTION_TIMESTAMP()) AS ctime, datname, pid, usesysid, usename, application_name, client_addr, client_port, backend_start, xact_start, query_start, waiting, query , state, state_change FROM pg_stat_activity) TO STDOUT (FORMAT CSV);",active,2014-11-05 19:15:19.299141+00
1415214919.29913,dbt3,45544,10,sekondquad,psql,,-1,2014-11-05 19:15:19.295172+00,2014-11-05 19:15:19.299206+00,2014-11-05 19:15:19.299206+00,f,"COPY (SELECT EXTRACT(EPOCH FROM TRANSACTION_TIMESTAMP()) AS ctime, relname, pid, mode, granted FROM pg_locks, pg_class WHERE relfilenode = relation ORDER BY relname) TO STDOUT (FORMAT CSV);",active,2014-11-05 19:15:19.29921+00
1415214919.29913,dbt3,45461,10,sekondquad,psql,,-1,2014-11-05 19:10:23.967045+00,2014-11-05 19:10:23.971068+00,2014-11-05 19:10:23.971068+00,f,"
CREATE INDEX lineitem_l_partkey_l_quantity_l_shipmode_idx
ON lineitem (l_partkey, l_quantity, l_shipmode);",active,2014-11-05 19:10:23.971071+00
1415214919.29913,dbt3,45545,10,sekondquad,psql,,-1,2014-11-05 19:15:19.295325+00,2014-11-05 19:15:19.299339+00,2014-11-05 19:15:19.299339+00,f,"COPY (SELECT EXTRACT(EPOCH FROM TRANSACTION_TIMESTAMP()) AS ctime, a.schemaname, a.relname, a.indexrelname, idx_scan, idx_tup_read, idx_tup_fetch, idx_blks_read, idx_blks_hit FROM pg_stat_all_indexes a, pg_statio_all_indexes b WHERE a.indexrelid = b.indexrelid) TO STDOUT (FORMAT CSV);",active,2014-11-05 19:15:19.299344+00
1415214919.29913,dbt3,45547,10,sekondquad,psql,,-1,2014-11-05 19:15:19.295701+00,2014-11-05 19:15:19.299804+00,2014-11-05 19:15:19.299804+00,f,"COPY (SELECT EXTRACT(EPOCH FROM TRANSACTION_TIMESTAMP()) AS ctime, datname, numbackends, xact_commit, xact_rollback, blks_read, blks_hit, tup_returned, tup_fetched, tup_inserted, tup_updated, tup_deleted FROM pg_stat_database) TO STDOUT (FORMAT CSV);",active,2014-11-05 19:15:19.299809+00
1415214919.29913,dbt3,45464,10,sekondquad,psql,,-1,2014-11-05 19:10:23.968064+00,2014-11-05 19:10:23.971581+00,2014-11-05 19:10:23.971581+00,f,"
CREATE INDEX lineitem_l_orderkey_l_linenumber_l_shipdate_idx
ON lineitem (l_orderkey, l_linenumber, l_shipdate);",active,2014-11-05 19:10:23.971582+00
1415214919.29913,dbt3,45546,10,sekondquad,psql,,-1,2014-11-05 19:15:19.295739+00,2014-11-05 19:15:19.29993+00,2014-11-05 19:15:19.29993+00,f,"COPY (SELECT EXTRACT(EPOCH FROM TRANSACTION_TIMESTAMP()) AS ctime, a.schemaname, a.relname, seq_scan, seq_tup_read, idx_scan, idx_tup_fetch, n_tup_ins, n_tup_upd, n_tup_del, n_tup_hot_upd, n_live_tup, n_dead_tup, heap_blks_read, heap_blks_hit, idx_blks_read, idx_blks_hit, toast_blks_read, toast_blks_hit, tidx_blks_read, tidx_blks_hit FROM pg_statio_all_tables a, pg_stat_all_tables b WHERE a.relid = b.relid) TO STDOUT (FORMAT CSV);",active,2014-11-05 19:15:19.299936+00
1415214919.29913,dbt3,45465,10,sekondquad,psql,,-1,2014-11-05 19:10:23.969954+00,2014-11-05 19:10:23.97338+00,2014-11-05 19:10:23.97338+00,f,"
CREATE INDEX lineitem_l_shipdate_l_suppkey__idx
ON lineitem (l_shipdate, l_suppkey);",active,2014-11-05 19:10:23.973386+00
1415214979.30297,dbt3,45559,10,sekondquad,psql,,-1,2014-11-05 19:16:19.297014+00,2014-11-05 19:16:19.301342+00,2014-11-05 19:16:19.301342+00,f,"COPY (SELECT EXTRACT(EPOCH FROM TRANSACTION_TIMESTAMP()) AS ctime, datname, numbackends, xact_commit, xact_rollback, blks_read, blks_hit, tup_returned, tup_fetched, tup_inserted, tup_updated, tup_deleted FROM pg_stat_database) TO STDOUT (FORMAT CSV);",active,2014-11-05 19:16:19.301347+00
1415214979.30297,dbt3,45560,10,sekondquad,psql,,-1,2014-11-05 19:16:19.298738+00,2014-11-05 19:16:19.302134+00,2014-11-05 19:16:19.302134+00,f,"COPY (SELECT EXTRACT(EPOCH FROM TRANSACTION_TIMESTAMP()) AS ctime, a.schemaname, a.relname, a.indexrelname, idx_scan, idx_tup_read, idx_tup_fetch, idx_blks_read, idx_blks_hit FROM pg_stat_all_indexes a, pg_statio_all_indexes b WHERE a.indexrelid = b.indexrelid) TO STDOUT (FORMAT CSV);",active,2014-11-05 19:16:19.30214+00
1415214979.30297,dbt3,45461,10,sekondquad,psql,,-1,2014-11-05 19:10:23.967045+00,2014-11-05 19:10:23.971068+00,2014-11-05 19:10:23.971068+00,f,"
CREATE INDEX lineitem_l_partkey_l_quantity_l_shipmode_idx
ON lineitem (l_partkey, l_quantity, l_shipmode);",active,2014-11-05 19:10:23.971071+00
1415214979.30297,dbt3,45561,10,sekondquad,psql,,-1,2014-11-05 19:16:19.298976+00,2014-11-05 19:16:19.302973+00,2014-11-05 19:16:19.302973+00,f,"COPY (SELECT EXTRACT(EPOCH FROM TRANSACTION_TIMESTAMP()) AS ctime, datname, pid, usesysid, usename, application_name, client_addr, client_port, backend_start, xact_start, query_start, waiting, query , state, state_change FROM pg_stat_activity) TO STDOUT (FORMAT CSV);",active,2014-11-05 19:16:19.302978+00
1415214979.30297,dbt3,45563,10,sekondquad,psql,,-1,2014-11-05 19:16:19.299408+00,2014-11-05 19:16:19.303347+00,2014-11-05 19:16:19.303347+00,f,"COPY (SELECT EXTRACT(EPOCH FROM TRANSACTION_TIMESTAMP()) AS ctime, relname, pid, mode, granted FROM pg_locks, pg_class WHERE relfilenode = relation ORDER BY relname) TO STDOUT (FORMAT CSV);",active,2014-11-05 19:16:19.303352+00
1415214979.30297,dbt3,45562,10,sekondquad,psql,,-1,2014-11-05 19:16:19.299414+00,2014-11-05 19:16:19.303471+00,2014-11-05 19:16:19.303471+00,f,"COPY (SELECT EXTRACT(EPOCH FROM TRANSACTION_TIMESTAMP()) AS ctime, a.schemaname, a.relname, seq_scan, seq_tup_read, idx_scan, idx_tup_fetch, n_tup_ins, n_tup_upd, n_tup_del, n_tup_hot_upd, n_live_tup, n_dead_tup, heap_blks_read, heap_blks_hit, idx_blks_read, idx_blks_hit, toast_blks_read, toast_blks_hit, tidx_blks_read, tidx_blks_hit FROM pg_statio_all_tables a, pg_stat_all_tables b WHERE a.relid = b.relid) TO STDOUT (FORMAT CSV);",active,2014-11-05 19:16:19.303477+00
1415214979.30297,dbt3,45465,10,sekondquad,psql,,-1,2014-11-05 19:10:23.969954+00,2014-11-05 19:10:23.97338+00,2014-11-05 19:10:23.97338+00,f,"
CREATE INDEX lineitem_l_shipdate_l_suppkey__idx
ON lineitem (l_shipdate, l_suppkey);",active,2014-11-05 19:10:23.973386+00
1415215039.30778,dbt3,45579,10,sekondquad,psql,,-1,2014-11-05 19:17:19.303452+00,2014-11-05 19:17:19.307783+00,2014-11-05 19:17:19.307783+00,f,"COPY (SELECT EXTRACT(EPOCH FROM TRANSACTION_TIMESTAMP()) AS ctime, datname, pid, usesysid, usename, application_name, client_addr, client_port, backend_start, xact_start, query_start, waiting, query , state, state_change FROM pg_stat_activity) TO STDOUT (FORMAT CSV);",active,2014-11-05 19:17:19.307791+00
1415215039.30778,dbt3,45580,10,sekondquad,psql,,-1,2014-11-05 19:17:19.303889+00,2014-11-05 19:17:19.307957+00,2014-11-05 19:17:19.307957+00,f,"COPY (SELECT EXTRACT(EPOCH FROM TRANSACTION_TIMESTAMP()) AS ctime, relname, pid, mode, granted FROM pg_locks, pg_class WHERE relfilenode = relation ORDER BY relname) TO STDOUT (FORMAT CSV);",active,2014-11-05 19:17:19.30796+00
1415215039.30778,dbt3,45461,10,sekondquad,psql,,-1,2014-11-05 19:10:23.967045+00,2014-11-05 19:10:23.971068+00,2014-11-05 19:10:23.971068+00,f,"
CREATE INDEX lineitem_l_partkey_l_quantity_l_shipmode_idx
ON lineitem (l_partkey, l_quantity, l_shipmode);",active,2014-11-05 19:10:23.971071+00
1415215039.30778,dbt3,45581,10,sekondquad,psql,,-1,2014-11-05 19:17:19.304246+00,2014-11-05 19:17:19.308373+00,2014-11-05 19:17:19.308373+00,f,"COPY (SELECT EXTRACT(EPOCH FROM TRANSACTION_TIMESTAMP()) AS ctime, datname, numbackends, xact_commit, xact_rollback, blks_read, blks_hit, tup_returned, tup_fetched, tup_inserted, tup_updated, tup_deleted FROM pg_stat_database) TO STDOUT (FORMAT CSV);",active,2014-11-05 19:17:19.308378+00
1415215039.30778,dbt3,45582,10,sekondquad,psql,,-1,2014-11-05 19:17:19.305136+00,2014-11-05 19:17:19.309085+00,2014-11-05 19:17:19.309085+00,f,"COPY (SELECT EXTRACT(EPOCH FROM TRANSACTION_TIMESTAMP()) AS ctime, a.schemaname, a.relname, seq_scan, seq_tup_read, idx_scan, idx_tup_fetch, n_tup_ins, n_tup_upd, n_tup_del, n_tup_hot_upd, n_live_tup, n_dead_tup, heap_blks_read, heap_blks_hit, idx_blks_read, idx_blks_hit, toast_blks_read, toast_blks_hit, tidx_blks_read, tidx_blks_hit FROM pg_statio_all_tables a, pg_stat_all_tables b WHERE a.relid = b.relid) TO STDOUT (FORMAT CSV);",active,2014-11-05 19:17:19.309091+00
1415215039.30778,dbt3,45583,10,sekondquad,psql,,-1,2014-11-05 19:17:19.305347+00,2014-11-05 19:17:19.309165+00,2014-11-05 19:17:19.309165+00,f,"COPY (SELECT EXTRACT(EPOCH FROM TRANSACTION_TIMESTAMP()) AS ctime, a.schemaname, a.relname, a.indexrelname, idx_scan, idx_tup_read, idx_tup_fetch, idx_blks_read, idx_blks_hit FROM pg_stat_all_indexes a, pg_statio_all_indexes b WHERE a.indexrelid = b.indexrelid) TO STDOUT (FORMAT CSV);",active,2014-11-05 19:17:19.30917+00
1415215039.30778,dbt3,45465,10,sekondquad,psql,,-1,2014-11-05 19:10:23.969954+00,2014-11-05 19:10:23.97338+00,2014-11-05 19:10:23.97338+00,f,"
CREATE INDEX lineitem_l_shipdate_l_suppkey__idx
ON lineitem (l_shipdate, l_suppkey);",active,2014-11-05 19:10:23.973386+00
1415215099.31223,dbt3,45594,10,sekondquad,psql,,-1,2014-11-05 19:18:19.306452+00,,2014-11-05 19:18:19.310739+00,f,"COPY (SELECT EXTRACT(EPOCH FROM TRANSACTION_TIMESTAMP()) AS ctime, relname, pid, mode, granted FROM pg_locks, pg_class WHERE relfilenode = relation ORDER BY relname) TO STDOUT (FORMAT CSV);",idle,2014-11-05 19:18:19.315505+00
1415215099.31223,dbt3,45595,10,sekondquad,psql,,-1,2014-11-05 19:18:19.307307+00,2014-11-05 19:18:19.312226+00,2014-11-05 19:18:19.312226+00,f,"COPY (SELECT EXTRACT(EPOCH FROM TRANSACTION_TIMESTAMP()) AS ctime, datname, pid, usesysid, usename, application_name, client_addr, client_port, backend_start, xact_start, query_start, waiting, query , state, state_change FROM pg_stat_activity) TO STDOUT (FORMAT CSV);",active,2014-11-05 19:18:19.312232+00
1415215099.31223,dbt3,45596,10,sekondquad,psql,,-1,2014-11-05 19:18:19.307925+00,2014-11-05 19:18:19.312052+00,2014-11-05 19:18:19.312052+00,f,"COPY (SELECT EXTRACT(EPOCH FROM TRANSACTION_TIMESTAMP()) AS ctime, datname, numbackends, xact_commit, xact_rollback, blks_read, blks_hit, tup_returned, tup_fetched, tup_inserted, tup_updated, tup_deleted FROM pg_stat_database) TO STDOUT (FORMAT CSV);",active,2014-11-05 19:18:19.312058+00
1415215099.31223,dbt3,45597,10,sekondquad,psql,,-1,2014-11-05 19:18:19.309862+00,2014-11-05 19:18:19.313534+00,2014-11-05 19:18:19.313534+00,f,"COPY (SELECT EXTRACT(EPOCH FROM TRANSACTION_TIMESTAMP()) AS ctime, a.schemaname, a.relname, seq_scan, seq_tup_read, idx_scan, idx_tup_fetch, n_tup_ins, n_tup_upd, n_tup_del, n_tup_hot_upd, n_live_tup, n_dead_tup, heap_blks_read, heap_blks_hit, idx_blks_read, idx_blks_hit, toast_blks_read, toast_blks_hit, tidx_blks_read, tidx_blks_hit FROM pg_statio_all_tables a, pg_stat_all_tables b WHERE a.relid = b.relid) TO STDOUT (FORMAT CSV);",active,2014-11-05 19:18:19.313541+00
1415215099.31223,dbt3,45598,10,sekondquad,psql,,-1,2014-11-05 19:18:19.310744+00,2014-11-05 19:18:19.314643+00,2014-11-05 19:18:19.314643+00,f,"COPY (SELECT EXTRACT(EPOCH FROM TRANSACTION_TIMESTAMP()) AS ctime, a.schemaname, a.relname, a.indexrelname, idx_scan, idx_tup_read, idx_tup_fetch, idx_blks_read, idx_blks_hit FROM pg_stat_all_indexes a, pg_statio_all_indexes b WHERE a.indexrelid = b.indexrelid) TO STDOUT (FORMAT CSV);",active,2014-11-05 19:18:19.31465+00
1415215099.31223,dbt3,45465,10,sekondquad,psql,,-1,2014-11-05 19:10:23.969954+00,2014-11-05 19:10:23.97338+00,2014-11-05 19:10:23.97338+00,f,"
CREATE INDEX lineitem_l_shipdate_l_suppkey__idx
ON lineitem (l_shipdate, l_suppkey);",active,2014-11-05 19:10:23.973386+00
1415215159.31886,dbt3,45602,10,sekondquad,psql,,-1,2014-11-05 19:19:08.695243+00,2014-11-05 19:19:08.699847+00,2014-11-05 19:19:08.699847+00,f,ANALYZE lineitem;,active,2014-11-05 19:19:08.699852+00
1415215159.31886,dbt3,45611,10,sekondquad,psql,,-1,2014-11-05 19:19:19.312511+00,2014-11-05 19:19:19.317504+00,2014-11-05 19:19:19.317504+00,f,"COPY (SELECT EXTRACT(EPOCH FROM TRANSACTION_TIMESTAMP()) AS ctime, a.schemaname, a.relname, a.indexrelname, idx_scan, idx_tup_read, idx_tup_fetch, idx_blks_read, idx_blks_hit FROM pg_stat_all_indexes a, pg_statio_all_indexes b WHERE a.indexrelid = b.indexrelid) TO STDOUT (FORMAT CSV);",active,2014-11-05 19:19:19.317507+00
1415215159.31886,dbt3,45612,10,sekondquad,psql,,-1,2014-11-05 19:19:19.312592+00,2014-11-05 19:19:19.317451+00,2014-11-05 19:19:19.317451+00,f,"COPY (SELECT EXTRACT(EPOCH FROM TRANSACTION_TIMESTAMP()) AS ctime, relname, pid, mode, granted FROM pg_locks, pg_class WHERE relfilenode = relation ORDER BY relname) TO STDOUT (FORMAT CSV);",active,2014-11-05 19:19:19.317455+00
1415215159.31886,dbt3,45615,10,sekondquad,psql,,-1,2014-11-05 19:19:19.313017+00,2014-11-05 19:19:19.317725+00,2014-11-05 19:19:19.317725+00,f,"COPY (SELECT EXTRACT(EPOCH FROM TRANSACTION_TIMESTAMP()) AS ctime, datname, numbackends, xact_commit, xact_rollback, blks_read, blks_hit, tup_returned, tup_fetched, tup_inserted, tup_updated, tup_deleted FROM pg_stat_database) TO STDOUT (FORMAT CSV);",active,2014-11-05 19:19:19.317729+00
1415215159.31886,dbt3,45613,10,sekondquad,psql,,-1,2014-11-05 19:19:19.313052+00,2014-11-05 19:19:19.317605+00,2014-11-05 19:19:19.317605+00,f,"COPY (SELECT EXTRACT(EPOCH FROM TRANSACTION_TIMESTAMP()) AS ctime, a.schemaname, a.relname, seq_scan, seq_tup_read, idx_scan, idx_tup_fetch, n_tup_ins, n_tup_upd, n_tup_del, n_tup_hot_upd, n_live_tup, n_dead_tup, heap_blks_read, heap_blks_hit, idx_blks_read, idx_blks_hit, toast_blks_read, toast_blks_hit, tidx_blks_read, tidx_blks_hit FROM pg_statio_all_tables a, pg_stat_all_tables b WHERE a.relid = b.relid) TO STDOUT (FORMAT CSV);",active,2014-11-05 19:19:19.317611+00
1415215159.31886,dbt3,45614,10,sekondquad,psql,,-1,2014-11-05 19:19:19.314962+00,2014-11-05 19:19:19.318864+00,2014-11-05 19:19:19.318864+00,f,"COPY (SELECT EXTRACT(EPOCH FROM TRANSACTION_TIMESTAMP()) AS ctime, datname, pid, usesysid, usename, application_name, client_addr, client_port, backend_start, xact_start, query_start, waiting, query , state, state_change FROM pg_stat_activity) TO STDOUT (FORMAT CSV);",active,2014-11-05 19:19:19.318868+00
